{"cameraMode":{"drawMode":0,"name":"Shaded","section":"Shading Mode"},"sceneLighting":true,"audioPlay":false,"sceneViewState":{"showFog":true,"showMaterialUpdate":false,"showSkybox":true,"showFlares":true,"showImageEffects":true,"showParticleSystems":true},"in2DMode":false,"pivot":{"x":-10.650212287902832,"y":-37.8458251953125,"z":39.647361755371097},"rotation":{"x":0.29399749636650088,"y":-0.10581981390714646,"z":0.032771021127700809,"w":0.9493697881698608},"size":54.431297302246097,"orthographic":false}