{"cameraMode":{"drawMode":0,"name":"Shaded","section":"Shading Mode"},"sceneLighting":false,"audioPlay":false,"sceneViewState":{"showFog":true,"showMaterialUpdate":false,"showSkybox":false,"showFlares":true,"showImageEffects":true,"showParticleSystems":true},"in2DMode":false,"pivot":{"x":4.347808837890625,"y":13.241880416870118,"z":-15.336935997009278},"rotation":{"x":0.051429614424705508,"y":-0.9111371040344238,"z":0.11987023800611496,"w":0.3909187316894531},"size":13.204689025878907,"orthographic":false}